q_id,q_content,followerCount,viewCount,answerCount,topicTag,created_date
1919032669615912434,NetworkError,0,0,0,网络错误,2025-01-01
452579557,NetworkError,0,0,0,网络错误,2025-01-01
1918927206014513649,NetworkError,0,0,0,网络错误,2025-01-01
1918540480737703593,NetworkError,0,0,0,网络错误,2025-01-01
1918252004402230420,NetworkError,0,0,0,网络错误,2025-01-01
1919364036560122733,NetworkError,0,0,0,网络错误,2025-01-01
1919076084714009760,NetworkError,0,0,0,网络错误,2025-01-01
1918788315680871542,NetworkError,0,0,0,网络错误,2025-01-01
1919083599421989723,NetworkError,0,0,0,网络错误,2025-01-01
1919128322991940146,NetworkError,0,0,0,网络错误,2025-01-01
